activation,final_epoch,final_train_loss,final_val_loss,final_train_acc,final_val_acc
LeakyReLU,50,0.4498986220897588,0.3561139358528729,81.6658801321378,86.46864686468646
SiLU,50,0.4769887896184634,0.3747476041316986,80.3680981595092,85.47854785478548
ReLU,50,0.458781966141292,0.4156341223881162,81.47711184521,84.70847084708471
ELU,50,0.5023090077522105,0.7485140027671024,79.37706465313828,63.696369636963695
